<?xml version="1.0"?>

<trainees xmlns:xsi="http://www.w3.org/2001/XMLSchema-instance"
     xsi:noNamespaceSchemaLocation="Trainee.xsd">

<trainee>
    <employee_number>810599</employee_number>
    <module_name>Core Java</module_name>
    <mpt_marks>54</mpt_marks>
    <mtt_marks>15</mtt_marks>
	<assignment_marks>84</assignment_marks>
    <total>70</total>
    <score>3</score>
</trainee>
<trainee>
    <employee_number>800519</employee_number>
    <module_name>Core Java</module_name>
    <mpt_marks>44</mpt_marks>
    <mtt_marks>15</mtt_marks>
	<assignment_marks>85</assignment_marks>
    <total>60</total>
    <score>3</score>
</trainee>
<trainee>
    <employee_number>811191</employee_number>
    <module_name>C#</module_name>
    <mpt_marks>34</mpt_marks>
    <mtt_marks>10</mtt_marks>
	<assignment_marks>86</assignment_marks>
    <total>49</total>
    <score>0</score>
</trainee>
<trainee>
    <employee_number>811192</employee_number>
    <module_name>Core Java</module_name>
    <mpt_marks>52</mpt_marks>
    <mtt_marks>21</mtt_marks>
	<assignment_marks>86</assignment_marks>
    <total>70</total>
    <score>3</score>
</trainee>

<trainee>
    <employee_number>810599</employee_number>
    <module_name>Servlet-JSP</module_name>
    <mpt_marks>12</mpt_marks>
    <mtt_marks>24</mtt_marks>
	<assignment_marks>85</assignment_marks>
    <total>40</total>
    <score>0</score>
</trainee>

<trainee>
    <employee_number>810599</employee_number>
    <module_name>Spring</module_name>
    <mpt_marks>44</mpt_marks>
    <mtt_marks>11</mtt_marks>
	<assignment_marks>64</assignment_marks>
    <total>0</total>
    <score>0</score>
</trainee>

</trainees>